﻿Designator,Footprint,Quantity,Value,LCSC Part #
BT1,BAT_3098,1,3098,
C1,C_0603,1,100pF,C1546
"C10, C11, C13, C17, C30, C32, C42, C44, C48, C5, C53, C58, C6, C7, C8, C9",C_0603,16,100nF,C1525
"C12, C15, C16, C36, C51",C_0603,5,1uF,C52923
C14,C_0603,1,100nF,C15195
"C18, C33, C34, C4, C40",C_0603,5,10uF,C15525
C20,C_0603,1,10uF,C96446
"C22, C27",C_0603,2,100nF,
C23,C_0603,1,22uF,C59461
"C24, C39, C41",C_0603,3,10uF,C13585
C25,C_0603,1,3.3pF,C76906
C26,C_0603,1,4.7uF,C23733
C28,CAP-SMD_L3.2-W1.6,1,100uF,C561794
C70,C_0603,1,100nF,C24497
D1,SOD-123_L2.8-W1.8-LS3.7-RD,1,MMSZ4683T1G,C235985
"D10, D9",SOD-123_L2.7-W1.6-LS3.7-RD-1,2,NRVB120VLSFT1G,C604264
D2,SOT-23-6_L2.9-W1.6-P0.95-LS2.8-BL,1,USBLC6-2SC6,C7519
D3,DIOM7959X262N,1,SS34_C466502,C466502
D6,D_SOD-323F,1,PMEG2005EJ,
FB1,FB_0603,1,100R,C1015
"J1, PYRO_CH1, PYRO_CH2",Molex_Micro-Fit_3.0_43650-0215_1x02_P3.00mm_Vertical,3,Molex Microfit,
J2,PinHeader_1x03_P2.54mm_Vertical,1,BOOT0,
J3,PinHeader_1x04_P2.54mm_Vertical,1,Companion,
J5,PinHeader_1x04_P2.54mm_Vertical,1,SWD,
J8,GCT_MEM2080-00-128-00-A_REVA,1,MEM2080-00-128-00-A_REVA,
L1,IND_EPCOS_B82432T_EPC,1,"2.2uH,50mA",C5156236
"LED1, LED3, PB0",D_0603,3,QBLP617-AG1,C2286
LS1,PS1440P02BT_BUZZER_PS1440P02BT,1,PS1440P02BT,
"Q1, Q2",POWER-1212-8_L3.3-W3.3-P0.66-LS3.3-BL,2,SI7232DN-T1-GE3,C144854
"R1, R38, R9",R_0603,3,10kΩ,C25744
R10,R_0603,1,100kΩ,C25741
"R11, R12, R13, R14, R15, R18, R22, R34, R36",R_0603,9,470Ω,C25117
"R16, R17",R_0603,2,10kΩ,C25890
"R19, R6",R_0603,2,4.7kΩ,C25900
R2,R_0603,1,47kΩ,C25792
R20,R_0603,1,3.3kΩ,C25890
"R21, R7",R_0603,2,2.2kΩ,C25879
"R23, R25, R26, R27, R35",R_0603,5,10kΩ,C25804
"R3, R4",R_0603,2,5.1kΩ,C25905
R31,R_0603,1,1MΩ,C22935
R37,R_0603,1,47kΩ,C25890
R5,R_0603,1,1kΩ,C21190
RF1,SMA-TH_SMA-KHDB_C9900020423,1,SMA-KE-5,C20415804
"SERVO1, SERVO2",Molex_Micro-Fit_3.0_43650-0315_1x03_P3.00mm_Vertical,2,Conn_01x03_Pin,
U1,LQFP-100_14x14mm_P0.5mm,1,STM32U575VGTx,
U11,LGA-8_L6.0-W8.0-P1.27-BL,1,XTSD08GLGEAG,C558840
U12,LGA-14_L5.0-W3.0-P0.80-BL,1,ADXL375BCCZ-RL7,C481898
U13,SOT-23-5,1,TLV75733PDBV,
U14,LCC-20_L15.5-W15.5-P1.90_SAM-M10Q-00B,1,SAM-M10Q-00B,C5443880
U15,G-NiceRF LoRa1262-915,1,~,
U2,LGA-16_L3.0-W3.0-P0.50-BL_SQ,1,MMC5983MA,C404329
U3,LGA-16_L4.5-W3.0-P0.50-BL,1,BMI088,C194919
U4,VSSOP-8_L3.0-W3.0-P0.65-LS5.0-BL,1,TMP275AIDGKR VSSOP8,C87815
U6,LGA-8_3x5mm_P1.25mm,1,MS5607-02BA,
U8,VQFN-16-1EP_3x3mm_P0.5mm_EP1.68x1.68mm_ThermalVias,1,TPS62153,
U9,SOIC-14_L8.7-W3.9-P1.27-LS6.0-BL,1,SN74HCT125DR,C352957
USB1,TYPE-C-SMD_HX-TYPE-C-16PIN,1,"Connector, USB-TYPE-C-16P",C2927039
X1,OSC-SMD_4P-L2.0-W1.6-BL_1XXD,1,1XXD32000MBA,C253694
